{
    "S1": {
        "SNR": 10.57660520813427,
        "Baseline": 4.753451807229187,
        "Ratio": 2.225036802108536,
        "GCN": "off",
        "R_Omega": 0.03,
        "Band": "wide"
    },
    "S2": {
        "SNR": 219.31649813757028,
        "Baseline": 29.597739677332385,
        "Ratio": 7.409906990483304,
        "GCN": "off",
        "R_Omega": 0.03,
        "Band": "wide"
    },
    "S3": {
        "SNR": 0.15727159501103596,
        "Baseline": 0.0008048406845411032,
        "Ratio": 195.40711352173713,
        "GCN": "off",
        "R_Omega": 0.03,
        "Band": "wide"
    }
}